Parameter,Reference,Parallel_0,Parallel_1
P0,"[0.0, 0.0, 0.0]","[0.0, -2.0, 0.0]","[0.0, 2.0, 0.0]"
T0,"[52.32197266, 0.0, 0.0]","[49.01014875654029, 0.0, 0.0]","[55.63379656345659, 0.0, 0.0]"
P1,"[32.0, -32.0, 0.0]","[30.0, -32.0, 0.0]","[34.0, -32.0, 0.0]"
T1,"[0.0, -52.32197266, 0.0]","[0.0, -49.01014875654029, 0.0]","[0.0, -55.63379656345659, 0.0]"
