Parameter,Reference,Parallel_0,Parallel_1
P0,"[0.0, 0.0, 0.0]","[0.0, -7.0, 0.0]","[0.0, 7.0, 0.0]"
T0,"[91.5633667, 0.0, 0.0]","[103.1547395440191, 0.0, 0.0]","[79.97199385598259, 0.0, 0.0]"
P1,"[56.0, 56.0, 0.0]","[63.0, 56.0, 0.0]","[49.0, 56.0, 0.0]"
T1,"[0.0, 91.5633667, 0.0]","[0.0, 103.1547395440191, 0.0]","[0.0, 79.97199385598259, 0.0]"
