Parameter,Reference,Parallel_0,Parallel_1
P0,"[0.0, 0.0, 0.0]","[0.0, -2.0, 0.0]","[0.0, 2.0, 0.0]"
T0,"[0.32703125000000044, 0.0, 0.0]","[0.980930234375047, 0.0, 0.0]","[0.00016351562500000022, 0.0, 0.0]"
P1,"[0.2, 0.19999999999999998, 0.0]","[2.2, 0.19999999999999987, 0.0]","[-1.8, 0.2000000000000001, 0.0]"
T1,"[2.002488867668292e-17, 0.32703125000000044, 0.0]","[6.006465358571322e-17, 0.980930234375047, 0.0]","[1.0012444338341461e-20, 0.00016351562500000022, 0.0]"
